日期,开盘,收盘,最高,最低,成交量,成交额,振幅,涨跌幅,涨跌额,换手率
2025-01-02,2.733,2.667,2.738,2.645,12402833,3336364664.0,3.4,-2.59,-0.071,17.11
2025-01-03,2.663,2.641,2.672,2.629,9348973,2480596828.0,1.61,-0.97,-0.026,12.9
2025-01-06,2.641,2.63,2.646,2.607,10737270,2818947759.0,1.48,-0.42,-0.011,14.81
2025-01-07,2.629,2.645,2.648,2.62,6570023,1731993888.0,1.06,0.57,0.015,9.06
2025-01-08,2.642,2.651,2.667,2.619,12182753,3218938292.0,1.81,0.23,0.006,16.81
2025-01-09,2.649,2.638,2.651,2.627,7736789,2041823177.0,0.91,-0.49,-0.013,10.67
2025-01-10,2.636,2.615,2.651,2.613,9300707,2445972393.0,1.44,-0.87,-0.023,12.83
2025-01-13,2.603,2.607,2.616,2.586,7230674,1881410409.0,1.15,-0.31,-0.008,9.98
2025-01-14,2.611,2.652,2.662,2.604,11877053,3133213372.0,2.22,1.73,0.045,16.39
2025-01-15,2.646,2.646,2.66,2.64,6509676,1724376610.0,0.75,-0.23,-0.006,8.98
2025-01-16,2.652,2.637,2.671,2.625,8949630,2368453814.0,1.74,-0.34,-0.009,12.35
2025-01-17,2.63,2.637,2.651,2.616,6186776,1632157202.0,1.33,0.0,0.0,8.54
2025-01-20,2.65,2.643,2.665,2.637,6491374,1721842485.0,1.06,0.23,0.006,8.96
2025-01-21,2.652,2.64,2.654,2.632,4747302,1254500373.0,0.83,-0.11,-0.003,6.55
2025-01-22,2.639,2.607,2.64,2.597,11475867,2993509343.0,1.63,-1.25,-0.033,15.83
2025-01-23,2.623,2.623,2.664,2.618,13289416,3502865346.0,1.76,0.61,0.016,18.33
2025-01-24,2.622,2.638,2.654,2.618,9747169,2572864277.0,1.37,0.57,0.015,13.45
2025-01-27,2.642,2.643,2.655,2.638,11620837,3074369800.0,0.64,0.19,0.005,16.03
2025-02-05,2.655,2.619,2.658,2.613,11290191,2962741079.0,1.7,-0.91,-0.024,15.58
2025-02-06,2.619,2.638,2.645,2.612,8921698,2347513436.0,1.26,0.73,0.019,12.31
2025-02-07,2.636,2.668,2.685,2.627,13450502,3575362486.0,2.2,1.14,0.03,18.56
2025-02-10,2.668,2.678,2.687,2.664,6044639,1617467906.0,0.86,0.37,0.01,8.34
2025-02-11,2.683,2.671,2.684,2.664,7720638,2062683345.0,0.75,-0.26,-0.007,10.65
2025-02-12,2.67,2.698,2.704,2.665,7175887,1924971127.0,1.46,1.01,0.027,9.9
2025-02-13,2.696,2.702,2.724,2.692,9275064,2509812167.0,1.19,0.15,0.004,12.8
2025-02-14,2.698,2.719,2.723,2.693,9345724,2531742248.0,1.11,0.63,0.017,12.89
2025-02-17,2.725,2.723,2.732,2.704,10702113,2906761376.0,1.03,0.15,0.004,14.76
2025-02-18,2.72,2.713,2.738,2.702,10415171,2835266625.0,1.32,-0.37,-0.01,14.37
2025-02-19,2.707,2.722,2.734,2.7,6717841,1827226884.0,1.25,0.33,0.009,9.27
2025-02-20,2.719,2.708,2.719,2.699,5718533,1548508733.0,0.73,-0.51,-0.014,7.89
2025-02-21,2.716,2.744,2.748,2.707,9607078,2626155764.0,1.51,1.33,0.036,13.25
2025-02-24,2.74,2.731,2.75,2.718,10676691,2919079511.0,1.17,-0.47,-0.013,14.73
2025-02-25,2.718,2.703,2.722,2.694,7562659,2048354417.0,1.03,-1.03,-0.028,10.43
2025-02-26,2.707,2.726,2.728,2.703,6829191,1854394616.0,0.92,0.85,0.023,9.42
2025-02-27,2.725,2.74,2.742,2.714,7267979,1983692780.0,1.03,0.51,0.014,10.03
2025-02-28,2.732,2.705,2.75,2.699,9990513,2722485399.0,1.86,-1.28,-0.035,13.78
2025-03-03,2.704,2.686,2.715,2.677,7660951,2067717435.0,1.4,-0.7,-0.019,10.57
2025-03-04,2.675,2.678,2.686,2.665,5336225,1428469856.0,0.78,-0.3,-0.008,7.36
2025-03-05,2.679,2.697,2.702,2.675,7279974,1958669647.0,1.01,0.71,0.019,10.04
2025-03-06,2.709,2.74,2.75,2.708,11925746,3261219816.0,1.56,1.59,0.043,16.45
2025-03-07,2.738,2.739,2.754,2.733,7012406,1921692029.0,0.77,-0.04,-0.001,9.67
2025-03-10,2.739,2.727,2.741,2.709,12763713,3473076251.0,1.17,-0.44,-0.012,17.61
2025-03-11,2.71,2.739,2.74,2.705,6161943,1676905021.0,1.28,0.44,0.012,8.5
2025-03-12,2.739,2.73,2.746,2.724,5463028,1492721820.0,0.8,-0.33,-0.009,7.54
2025-03-13,2.729,2.723,2.742,2.712,5724652,1562037965.0,1.1,-0.26,-0.007,7.9
2025-03-14,2.728,2.803,2.809,2.728,15514683,4318119340.0,2.97,2.94,0.08,21.4
2025-03-17,2.812,2.798,2.818,2.793,6493563,1820785324.0,0.89,-0.18,-0.005,8.96
2025-03-18,2.807,2.8,2.813,2.797,4533660,1271261850.0,0.57,0.07,0.002,6.25
2025-03-19,2.797,2.809,2.819,2.794,6219571,1744324260.0,0.89,0.32,0.009,8.58
2025-03-20,2.81,2.779,2.811,2.772,7753116,2157416106.0,1.39,-1.07,-0.03,10.7
2025-03-21,2.772,2.734,2.782,2.726,10133600,2787569782.0,2.02,-1.62,-0.045,13.98
2025-03-24,2.733,2.752,2.755,2.732,6366811,1747704081.0,0.84,0.66,0.018,8.78
2025-03-25,2.755,2.752,2.758,2.745,5959960,1639618034.0,0.47,0.0,0.0,8.22
2025-03-26,2.751,2.736,2.757,2.733,7912873,2171300454.0,0.87,-0.58,-0.016,10.92
2025-03-27,2.735,2.75,2.765,2.732,6780263,1863821605.0,1.21,0.51,0.014,9.35
2025-03-28,2.749,2.738,2.753,2.73,5455546,1494605469.0,0.84,-0.44,-0.012,7.53
2025-03-31,2.733,2.725,2.752,2.716,8421435,2298250485.0,1.31,-0.47,-0.013,11.62
2025-04-01,2.726,2.721,2.735,2.718,4572423,1246064948.0,0.62,-0.15,-0.004,6.31
2025-04-02,2.718,2.716,2.729,2.711,3759598,1022632655.0,0.66,-0.18,-0.005,5.19
2025-04-03,2.696,2.72,2.731,2.693,6896073,1874086278.0,1.4,0.15,0.004,9.51
2025-04-07,2.62,2.571,2.66,2.49,37040801,9546614904.0,6.25,-5.48,-0.149,51.1
2025-04-08,2.571,2.628,2.629,2.564,35563153,9231398383.0,2.53,2.22,0.057,49.06
2025-04-09,2.61,2.648,2.653,2.594,15037226,3950325657.0,2.25,0.76,0.02,20.75
2025-04-10,2.675,2.672,2.679,2.648,8769246,2336224166.0,1.17,0.91,0.024,12.1
2025-04-11,2.661,2.677,2.68,2.652,11058711,2951415498.0,1.05,0.19,0.005,15.26
2025-04-14,2.679,2.685,2.693,2.669,4601982,1235248373.0,0.9,0.3,0.008,6.35
2025-04-15,2.681,2.691,2.696,2.671,10207057,2741779164.0,0.93,0.22,0.006,14.08
2025-04-16,2.69,2.715,2.721,2.673,23126580,6254287293.0,1.78,0.89,0.024,31.91
2025-04-17,2.702,2.718,2.746,2.699,11663309,3165668335.0,1.73,0.11,0.003,16.09
2025-04-18,2.71,2.72,2.727,2.705,13018067,3539182659.0,0.81,0.07,0.002,17.96
2025-04-21,2.715,2.711,2.732,2.711,6303513,1714100311.0,0.77,-0.33,-0.009,8.7
2025-04-22,2.71,2.716,2.727,2.709,6106662,1660128171.0,0.66,0.18,0.005,8.42
2025-04-23,2.723,2.708,2.726,2.704,4951600,1342415055.0,0.81,-0.29,-0.008,6.83
2025-04-24,2.708,2.715,2.726,2.707,5941611,1613866464.0,0.7,0.26,0.007,8.2
2025-04-25,2.717,2.71,2.724,2.702,6653659,1805125877.0,0.81,-0.18,-0.005,9.18
2025-04-28,2.705,2.711,2.718,2.694,5199593,1408460197.0,0.89,0.04,0.001,7.17
2025-04-29,2.71,2.706,2.715,2.7,3846837,1040951117.0,0.55,-0.18,-0.005,5.31
2025-04-30,2.706,2.693,2.713,2.692,5568278,1503201223.0,0.78,-0.48,-0.013,7.68
2025-05-06,2.709,2.707,2.71,2.694,5058295,1367480491.0,0.59,0.52,0.014,6.98
2025-05-07,2.739,2.731,2.745,2.715,12209317,3326943534.0,1.11,0.89,0.024,16.84
2025-05-08,2.724,2.742,2.757,2.721,7976006,2186952398.0,1.32,0.4,0.011,11.0
2025-05-09,2.738,2.744,2.75,2.737,5120432,1405198746.0,0.47,0.07,0.002,7.06
2025-05-12,2.75,2.763,2.774,2.744,7264181,2005089060.0,1.09,0.69,0.019,10.02
2025-05-13,2.774,2.769,2.774,2.762,5758009,1593292617.0,0.43,0.22,0.006,7.94
2025-05-14,2.771,2.817,2.832,2.769,12546489,3513556759.0,2.28,1.73,0.048,17.31
2025-05-15,2.813,2.803,2.821,2.798,8112795,2277983259.0,0.82,-0.5,-0.014,11.19
2025-05-16,2.798,2.778,2.804,2.767,6900619,1916601343.0,1.32,-0.89,-0.025,9.52
2025-05-19,2.77,2.769,2.778,2.762,4655272,1288467234.0,0.58,-0.32,-0.009,6.42
2025-05-20,2.77,2.78,2.793,2.769,3666608,1019948818.0,0.87,0.4,0.011,5.06
2025-05-21,2.78,2.793,2.804,2.78,4281720,1196598225.0,0.86,0.47,0.013,5.91
2025-05-22,2.788,2.796,2.802,2.781,2470538,689977958.0,0.75,0.11,0.003,3.41
2025-05-23,2.794,2.775,2.807,2.773,5058543,1410503675.0,1.22,-0.75,-0.021,6.98
2025-05-26,2.77,2.764,2.785,2.756,4736762,1311057810.0,1.05,-0.4,-0.011,6.53
2025-05-27,2.763,2.75,2.771,2.747,4171257,1149675545.0,0.87,-0.51,-0.014,5.75
2025-05-28,2.75,2.747,2.754,2.743,3341957,918550162.0,0.4,-0.11,-0.003,4.61
2025-05-29,2.748,2.754,2.769,2.741,8820875,2432427132.0,1.02,0.25,0.007,12.17
2025-05-30,2.753,2.749,2.758,2.73,8849951,2427758102.0,1.02,-0.18,-0.005,12.21
2025-06-03,2.74,2.748,2.761,2.734,5012603,1377558489.0,0.98,-0.04,-0.001,6.92
2025-06-04,2.751,2.755,2.764,2.748,3180233,876760447.0,0.58,0.25,0.007,4.39
2025-06-05,2.76,2.754,2.761,2.745,4164795,1146637796.0,0.58,-0.04,-0.001,5.75
2025-06-06,2.758,2.756,2.768,2.751,5067367,1397081746.0,0.62,0.07,0.002,6.99
2025-06-09,2.758,2.756,2.767,2.747,7097882,1957559023.0,0.73,0.0,0.0,9.79
2025-06-10,2.758,2.742,2.767,2.735,9179435,2523180749.0,1.16,-0.51,-0.014,12.66
2025-06-11,2.742,2.762,2.776,2.741,5850728,1616633629.0,1.28,0.73,0.02,8.07
2025-06-12,2.758,2.76,2.766,2.741,3926503,1081965600.0,0.91,-0.07,-0.002,5.42
2025-06-13,2.755,2.746,2.76,2.736,6512013,1788406622.0,0.87,-0.51,-0.014,8.98
2025-06-16,2.737,2.753,2.757,2.735,5788284,1590303432.0,0.8,0.25,0.007,7.99
2025-06-17,2.752,2.753,2.756,2.74,5712680,1570751594.0,0.58,0.0,0.0,7.88
2025-06-18,2.752,2.75,2.76,2.739,4276770,1175526798.0,0.76,-0.11,-0.003,5.9
2025-06-19,2.746,2.733,2.748,2.727,8062187,2206082968.0,0.76,-0.62,-0.017,11.12
2025-06-20,2.735,2.749,2.755,2.734,7882260,2165196619.0,0.77,0.59,0.016,10.87
2025-06-23,2.743,2.762,2.771,2.733,7550156,2076108843.0,1.38,0.47,0.013,10.42
2025-06-24,2.762,2.792,2.81,2.761,9588477,2675962191.0,1.77,1.09,0.03,13.23
2025-06-25,2.794,2.832,2.834,2.788,9741270,2736403316.0,1.65,1.43,0.04,13.44
2025-06-26,2.83,2.826,2.834,2.822,5915427,1672621169.0,0.42,-0.21,-0.006,8.16
2025-06-27,2.829,2.795,2.839,2.792,7351361,2068149774.0,1.66,-1.1,-0.031,10.14
2025-06-30,2.795,2.807,2.809,2.787,7893734,2210764804.0,0.79,0.43,0.012,10.89
2025-07-01,2.806,2.81,2.815,2.8,4388174,1232308688.0,0.53,0.11,0.003,6.05
2025-07-02,2.811,2.816,2.823,2.804,4130994,1162975614.0,0.68,0.21,0.006,5.7
2025-07-03,2.818,2.82,2.823,2.808,2259457,636587617.0,0.53,0.14,0.004,3.12
2025-07-04,2.818,2.836,2.858,2.809,5631235,1597038384.0,1.74,0.57,0.016,7.77
2025-07-07,2.831,2.828,2.833,2.82,2882050,814856144.0,0.46,-0.28,-0.008,3.98
2025-07-08,2.827,2.845,2.85,2.827,4582411,1302452590.0,0.81,0.6,0.017,6.32
2025-07-09,2.847,2.842,2.857,2.837,4053707,1154327161.0,0.7,-0.11,-0.003,5.59
2025-07-10,2.839,2.858,2.879,2.838,5590829,1598907166.0,1.44,0.56,0.016,7.71
2025-07-11,2.86,2.871,2.918,2.858,12511232,3610956141.0,2.1,0.45,0.013,17.26
2025-07-14,2.87,2.869,2.884,2.867,5217903,1500087616.0,0.59,-0.07,-0.002,7.2
2025-07-15,2.869,2.855,2.876,2.839,6323674,1805683902.0,1.29,-0.49,-0.014,8.72
2025-07-16,2.855,2.85,2.866,2.839,4466359,1273605526.0,0.95,-0.18,-0.005,6.16
2025-07-17,2.849,2.859,2.86,2.845,3816978,1088783179.0,0.53,0.32,0.009,5.27
2025-07-18,2.864,2.884,2.889,2.862,6767310,1948265127.0,0.94,0.87,0.025,9.34
2025-07-21,2.887,2.89,2.896,2.88,5735454,1657056377.0,0.55,0.21,0.006,7.91
2025-07-22,2.892,2.914,2.916,2.879,6589763,1911014128.0,1.28,0.83,0.024,9.09
2025-07-23,2.915,2.921,2.946,2.914,7262294,2124964391.0,1.1,0.24,0.007,10.02
2025-07-24,2.921,2.933,2.942,2.913,5381465,1576501117.0,0.99,0.41,0.012,7.42
2025-07-25,2.933,2.916,2.933,2.907,5725561,1671135438.0,0.89,-0.58,-0.017,7.9
2025-07-28,2.917,2.929,2.933,2.908,6102850,1782760737.0,0.86,0.45,0.013,8.42
2025-07-29,2.925,2.934,2.938,2.916,5208200,1525541361.0,0.75,0.17,0.005,7.19
2025-07-30,2.93,2.943,2.968,2.923,8261651,2433011771.0,1.53,0.31,0.009,11.4
2025-07-31,2.934,2.899,2.934,2.888,9464200,2749811736.0,1.56,-1.5,-0.044,13.06
2025-08-01,2.893,2.876,2.902,2.869,8235140,2374086988.0,1.14,-0.79,-0.023,11.36
2025-08-04,2.868,2.89,2.891,2.867,4798952,1383406392.0,0.83,0.49,0.014,6.62
2025-08-05,2.89,2.912,2.916,2.888,7243018,2099184601.0,0.97,0.76,0.022,9.99
2025-08-06,2.91,2.918,2.923,2.907,3287829,959042523.0,0.55,0.21,0.006,4.54
2025-08-07,2.92,2.921,2.931,2.908,4043735,1180788104.0,0.79,0.1,0.003,5.58
2025-08-08,2.916,2.91,2.923,2.905,2938309,856099430.0,0.62,-0.38,-0.011,4.05
2025-08-11,2.912,2.912,2.924,2.905,6412172,1869028848.0,0.65,0.07,0.002,8.85
2025-08-12,2.913,2.932,2.94,2.913,6136004,1798129332.0,0.93,0.69,0.02,8.47
2025-08-13,2.932,2.94,2.954,2.93,7414554,2180500310.0,0.82,0.27,0.008,10.23
2025-08-14,2.943,2.954,2.982,2.942,9297514,2757349078.0,1.36,0.48,0.014,12.83
2025-08-15,2.948,2.965,2.977,2.938,13530609,4003619255.0,1.32,0.37,0.011,18.67
2025-08-18,2.97,2.971,2.992,2.956,10996324,3269602786.0,1.21,0.2,0.006,15.17
2025-08-19,2.969,2.937,2.985,2.935,8026990,2377183204.0,1.68,-1.14,-0.034,11.07
2025-08-20,2.934,2.975,2.976,2.921,10037507,2959911661.0,1.87,1.29,0.038,13.85
2025-08-21,2.979,2.99,2.999,2.976,8740236,2611520308.0,0.77,0.5,0.015,12.06
2025-08-22,2.992,3.066,3.067,2.992,12658649,3839493779.0,2.51,2.54,0.076,17.46
2025-08-25,3.079,3.124,3.128,3.074,11883797,3686011529.0,1.76,1.89,0.058,16.4
2025-08-26,3.121,3.101,3.121,3.094,7274856,2259143373.0,0.86,-0.74,-0.023,10.04
2025-08-27,3.103,3.051,3.116,3.047,9928063,3063603360.0,2.23,-1.61,-0.05,13.7
2025-08-28,3.046,3.095,3.097,3.035,11513666,3525295588.0,2.03,1.44,0.044,15.88
2025-08-29,3.085,3.112,3.122,3.081,12427409,3859689659.0,1.32,0.55,0.017,17.15
2025-09-01,3.115,3.113,3.122,3.096,9471059,2943557486.0,0.84,0.03,0.001,13.07
2025-09-02,3.115,3.128,3.141,3.1,7797980,2432778748.0,1.32,0.48,0.015,10.76
2025-09-03,3.128,3.087,3.137,3.064,11190358,3463114302.0,2.33,-1.31,-0.041,15.44
2025-09-04,3.083,3.034,3.086,3.003,14957114,4540923242.0,2.69,-1.72,-0.053,20.64
2025-09-05,3.033,3.072,3.08,3.027,6499236,1981307539.0,1.75,1.25,0.038,8.97
2025-09-08,3.07,3.067,3.083,3.051,5352385,1640028027.0,1.04,-0.16,-0.005,7.38
2025-09-09,3.06,3.059,3.08,3.044,8518875,2609463949.0,1.17,-0.26,-0.008,11.75
2025-09-10,3.056,3.072,3.088,3.054,4603634,1413805970.0,1.11,0.42,0.013,6.35
2025-09-11,3.06,3.122,3.124,3.046,13086003,4051308693.0,2.54,1.63,0.05,18.05
2025-09-12,3.124,3.104,3.136,3.097,6949719,2166630148.0,1.25,-0.58,-0.018,9.59
2025-09-15,3.109,3.097,3.118,3.089,5423224,1682296306.0,0.93,-0.23,-0.007,7.48
2025-09-16,3.1,3.082,3.108,3.075,6450472,1991021244.0,1.07,-0.48,-0.015,8.9
2025-09-17,3.078,3.088,3.094,3.067,5797480,1787174499.0,0.88,0.19,0.006,8.0
2025-09-18,3.092,3.048,3.108,3.02,13048575,3998792923.0,2.85,-1.3,-0.04,18.0
2025-09-19,3.04,3.045,3.065,3.038,6556660,1998501642.0,0.89,-0.1,-0.003,9.05
2025-09-22,3.044,3.054,3.061,3.032,6331045,1928638675.0,0.95,0.3,0.009,8.73
2025-09-23,3.052,3.054,3.07,3.023,11085926,3374128682.0,1.54,0.0,0.0,15.29
2025-09-24,3.044,3.072,3.077,3.042,8089784,2479210133.0,1.15,0.59,0.018,11.16
2025-09-25,3.074,3.087,3.097,3.072,5579762,1721400563.0,0.81,0.49,0.015,7.7
2025-09-26,3.077,3.077,3.096,3.072,4655693,1435065217.0,0.78,-0.32,-0.01,6.42
2025-09-29,3.072,3.109,3.138,3.054,12640895,3914435874.0,2.73,1.04,0.032,17.44
2025-09-30,3.117,3.126,3.128,3.112,5536347,1727831432.0,0.51,0.55,0.017,7.64

